{
  "n_bars": 2866,
  "trades": 5,
  "total_return": 1.1438299582076477,
  "cagr": 0.07628692901511291,
  "ann_vol": 0.08914432858755192,
  "sharpe": 0.3509693719257179,
  "sortino": 0.447764071489094,
  "max_dd": -0.12031888397316394,
  "calmar": 0.63403953308051,
  "final_nav": 21438.299582076477,
  "bh_cagr": 0.14606895218740656,
  "bh_sharpe": 0.6118744637422957,
  "bh_max_dd": -0.20872529913314677,
  "alpha_cagr": -0.06978202317229365,
  "dd_reduction": -0.08840641515998283,
  "calmar_vs_bh": -0.06577478168652051,
  "ticker": "GC=F",
  "ran_on": "2026-05-28T10:16:26",
  "final_modulators": {
    "m_regime": 0.8,
    "m_vol": 0.9605,
    "m_drawdown": 0.9351,
    "m_dxy": 1.0,
    "base": 1.0,
    "final": 0.8
  }
}